{"accuracy": [0.9458333253860474, 0.9818999767303467], "loss": [0.1850600689649582, 0.05905910208821297], "val_accuracy": [0.9782999753952026, 0.9843999743461609], "val_loss": [0.06679568439722061, 0.047956522554159164]}