{"accuracy": [0.9442999958992004, 0.9820500016212463], "loss": [0.1882358193397522, 0.06108972802758217], "val_accuracy": [0.9771999716758728, 0.9829999804496765], "val_loss": [0.07206602394580841, 0.052660420536994934]}