{"accuracy": [0.9456666707992554, 0.9814500212669373], "loss": [0.18883047997951508, 0.06001701578497887], "val_accuracy": [0.9779000282287598, 0.9799000024795532], "val_loss": [0.07140526175498962, 0.06195106357336044]}