{"accuracy": [0.9449666738510132, 0.9808499813079834], "loss": [0.18800492584705353, 0.06254034489393234], "val_accuracy": [0.9760000109672546, 0.9818999767303467], "val_loss": [0.07428506761789322, 0.057152990251779556]}